{"version":2,"commands":{},"prefs":{},"url_overrides":{"newTabURL":{"initialValue":"about:newtab","precedenceList":[{"id":"extension@tabliss.io","installDate":1644074083039,"value":"moz-extension://4610956b-4bbe-4f2b-a8bc-ce941546cd41/index.html","enabled":true}]}},"default_search":{},"homepageNotification":{},"tabHideNotification":{},"newTabNotification":{"extension@tabliss.io":{"initialValue":false,"precedenceList":[{"id":"extension@tabliss.io","installDate":1644074083039,"value":true,"enabled":true}]}}}