{"default-theme@mozilla.org":{"permissions":["internal:svgContextPropertiesAllowed"],"origins":[]},"https-everywhere-eff@eff.org":{"permissions":["internal:svgContextPropertiesAllowed","internal:privateBrowsingAllowed"],"origins":[]},"ddg@search.mozilla.org":{"permissions":["internal:svgContextPropertiesAllowed","internal:privateBrowsingAllowed"],"origins":[]},"youtube@search.mozilla.org":{"permissions":["internal:svgContextPropertiesAllowed","internal:privateBrowsingAllowed"],"origins":[]},"google@search.mozilla.org":{"permissions":["internal:svgContextPropertiesAllowed","internal:privateBrowsingAllowed"],"origins":[]},"blockchair@search.mozilla.org":{"permissions":["internal:svgContextPropertiesAllowed","internal:privateBrowsingAllowed"],"origins":[]},"ddg-onion@search.mozilla.org":{"permissions":["internal:svgContextPropertiesAllowed","internal:privateBrowsingAllowed"],"origins":[]},"startpage@search.mozilla.org":{"permissions":["internal:svgContextPropertiesAllowed","internal:privateBrowsingAllowed"],"origins":[]},"twitter@search.mozilla.org":{"permissions":["internal:svgContextPropertiesAllowed","internal:privateBrowsingAllowed"],"origins":[]},"wikipedia@search.mozilla.org":{"permissions":["internal:svgContextPropertiesAllowed","internal:privateBrowsingAllowed"],"origins":[]},"yahoo@search.mozilla.org":{"permissions":["internal:svgContextPropertiesAllowed","internal:privateBrowsingAllowed"],"origins":[]},"firefox-alpenglow@mozilla.org":{"permissions":["internal:privateBrowsingAllowed"],"origins":[]},"onboarding@mozilla.org":{"permissions":["internal:privateBrowsingAllowed"],"origins":[]},"{73a6fe31-595d-460b-a920-fcc0f8843232}":{"permissions":["internal:privateBrowsingAllowed"],"origins":[]},"wrc@avast.com":{"permissions":["internal:privateBrowsingAllowed"],"origins":[]},"{242af0bb-db11-4734-b7a0-61cb8a9b20fb}":{"permissions":["internal:privateBrowsingAllowed"],"origins":[]},"extension@tabliss.io":{"permissions":["internal:privateBrowsingAllowed"],"origins":[]}}