{"schemaVersion":33,"addons":[{"id":"default-theme@mozilla.org","syncGUID":"{77a6567f-a960-4190-9289-f0376f14ae07}","version":"1.2","type":"theme","loader":null,"updateURL":null,"optionsURL":null,"optionsType":null,"optionsBrowserStyle":true,"aboutURL":null,"defaultLocale":{"name":"System theme","description":"Follow the operating system setting for buttons, menus, and windows.","creator":"Mozilla","developers":null,"translators":null,"contributors":null},"visible":true,"active":false,"userDisabled":true,"appDisabled":false,"embedderDisabled":false,"installDate":1644072809827,"applyBackgroundUpdates":1,"path":null,"skinnable":false,"sourceURI":null,"releaseNotesURI":null,"softDisabled":false,"foreignInstall":false,"strictCompatibility":true,"locales":[],"targetApplications":[{"id":"toolkit@mozilla.org","minVersion":null,"maxVersion":null}],"targetPlatforms":[],"signedDate":null,"seen":true,"dependencies":[],"userPermissions":null,"optionalPermissions":null,"icons":{"32":"icon.svg"},"iconURL":null,"blocklistState":0,"blocklistURL":null,"startupData":null,"hidden":false,"installTelemetryInfo":null,"recommendationState":null,"rootURI":"resource://default-theme/","location":"app-builtin"},{"id":"firefox-compact-light@mozilla.org","syncGUID":"{27e57e75-225a-4ef3-9f41-54db55bb5f22}","version":"1.2","type":"theme","loader":null,"updateURL":null,"optionsURL":null,"optionsType":null,"optionsBrowserStyle":true,"aboutURL":null,"defaultLocale":{"name":"Light","description":"A theme with a light color scheme.","creator":"Mozilla","developers":null,"translators":null,"contributors":null},"visible":true,"active":false,"userDisabled":true,"appDisabled":false,"embedderDisabled":false,"installDate":1644072809847,"applyBackgroundUpdates":1,"path":null,"skinnable":false,"sourceURI":null,"releaseNotesURI":null,"softDisabled":false,"foreignInstall":false,"strictCompatibility":true,"locales":[],"targetApplications":[{"id":"toolkit@mozilla.org","minVersion":null,"maxVersion":null}],"targetPlatforms":[],"signedDate":null,"seen":true,"dependencies":[],"userPermissions":null,"optionalPermissions":null,"icons":{"32":"icon.svg"},"iconURL":null,"blocklistState":0,"blocklistURL":null,"startupData":null,"hidden":false,"installTelemetryInfo":null,"recommendationState":null,"rootURI":"resource://builtin-themes/light/","location":"app-builtin"},{"id":"firefox-compact-dark@mozilla.org","syncGUID":"{d3a877b1-e77f-441f-97d8-2f57e66982dc}","version":"1.2","type":"theme","loader":null,"updateURL":null,"optionsURL":null,"optionsType":null,"optionsBrowserStyle":true,"aboutURL":null,"defaultLocale":{"name":"Dark","description":"A theme with a dark color scheme.","creator":"Mozilla","developers":null,"translators":null,"contributors":null},"visible":true,"active":false,"userDisabled":true,"appDisabled":false,"embedderDisabled":false,"installDate":1644072809850,"applyBackgroundUpdates":1,"path":null,"skinnable":false,"sourceURI":null,"releaseNotesURI":null,"softDisabled":false,"foreignInstall":false,"strictCompatibility":true,"locales":[],"targetApplications":[{"id":"toolkit@mozilla.org","minVersion":null,"maxVersion":null}],"targetPlatforms":[],"signedDate":null,"seen":true,"dependencies":[],"userPermissions":null,"optionalPermissions":null,"icons":{"32":"icon.svg"},"iconURL":null,"blocklistState":0,"blocklistURL":null,"startupData":null,"hidden":false,"installTelemetryInfo":null,"recommendationState":null,"rootURI":"resource://builtin-themes/dark/","location":"app-builtin"},{"id":"firefox-alpenglow@mozilla.org","syncGUID":"{81276a71-00c9-4981-889f-bfd57b6c2084}","version":"1.4","type":"theme","loader":null,"updateURL":null,"optionsURL":null,"optionsType":null,"optionsBrowserStyle":true,"aboutURL":null,"defaultLocale":{"name":"Firefox Alpenglow","description":"Use a colorful appearance for buttons, menus, and windows.","creator":null,"developers":null,"translators":null,"contributors":null},"visible":true,"active":true,"userDisabled":false,"appDisabled":false,"embedderDisabled":false,"installDate":1644072809852,"applyBackgroundUpdates":1,"path":null,"skinnable":false,"sourceURI":null,"releaseNotesURI":null,"softDisabled":false,"foreignInstall":false,"strictCompatibility":true,"locales":[],"targetApplications":[{"id":"toolkit@mozilla.org","minVersion":null,"maxVersion":null}],"targetPlatforms":[],"signedDate":null,"seen":true,"dependencies":[],"userPermissions":null,"optionalPermissions":null,"icons":{"32":"icon.svg"},"iconURL":null,"blocklistState":0,"blocklistURL":null,"startupData":null,"hidden":false,"installTelemetryInfo":null,"recommendationState":null,"rootURI":"resource://builtin-themes/alpenglow/","location":"app-builtin"},{"id":"https-everywhere-eff@eff.org","syncGUID":"{dc30cca9-1dd4-4305-ac8d-c895a73b3aa8}","version":"2021.7.13","type":"extension","loader":null,"updateURL":"https://www.eff.org/files/https-everywhere-updates.json","optionsURL":"pages/options/index.html","optionsType":3,"optionsBrowserStyle":true,"aboutURL":null,"defaultLocale":{"name":"HTTPS Everywhere","description":"Encrypt the Web! Automatically use HTTPS security on many sites.","creator":"extension-devs@eff.org","homepageURL":"https://www.eff.org/https-everywhere","developers":null,"translators":null,"contributors":null},"visible":true,"active":true,"userDisabled":false,"appDisabled":false,"embedderDisabled":false,"applyBackgroundUpdates":1,"path":null,"skinnable":false,"sourceURI":null,"releaseNotesURI":null,"softDisabled":false,"foreignInstall":false,"strictCompatibility":true,"locales":[{"name":"HTTPS Everywhere","description":"Encrypt the Web! Automatically use HTTPS security on many sites.","creator":"extension-devs@eff.org","homepageURL":"https://www.eff.org/https-everywhere","developers":null,"translators":null,"contributors":null,"locales":["en"]},{"name":"HTTPS Kõikjal","description":"Krüpteeri veeb! Kasuta HTTPS turvalaiendust automaatselt paljudel lehtedel.","creator":"extension-devs@eff.org","homepageURL":"https://www.eff.org/https-everywhere","developers":null,"translators":null,"contributors":null,"locales":["et"]},{"name":"HTTPS Everywhere","description":"Encrypt the Web! Automatically use HTTPS security on many sites.","creator":"extension-devs@eff.org","homepageURL":"https://www.eff.org/https-everywhere","developers":null,"translators":null,"contributors":null,"locales":["oc"]},{"name":"HTTPS Everywhere","description":"Amgriptiwch yr We! Defnyddiwch diogelwch HTTPS yn awtomatig ar nifer o wefanau.","creator":"extension-devs@eff.org","homepageURL":"https://www.eff.org/https-everywhere","developers":null,"translators":null,"contributors":null,"locales":["cy"]},{"name":"HTTPS Everywhere","description":"Encrypt the Web! Automatically use HTTPS security on many sites.","creator":"extension-devs@eff.org","homepageURL":"https://www.eff.org/https-everywhere","developers":null,"translators":null,"contributors":null,"locales":["te"]},{"name":"HTTPS partout","description":"Chiffrez la Toile ! Utilisez automatiquement la sécurité HTTPS avec de nombreux sites.","creator":"extension-devs@eff.org","homepageURL":"https://www.eff.org/https-everywhere","developers":null,"translators":null,"contributors":null,"locales":["fr"]},{"name":"HTTPS Everywhere","description":"Encrypt the Web! Automatically use HTTPS security on many sites.","creator":"extension-devs@eff.org","homepageURL":"https://www.eff.org/https-everywhere","developers":null,"translators":null,"contributors":null,"locales":["ach"]},{"name":"HTTPS Everywhere","description":"Encrypt the Web! Automatically use HTTPS security on many sites.","creator":"extension-devs@eff.org","homepageURL":"https://www.eff.org/https-everywhere","developers":null,"translators":null,"contributors":null,"locales":["fy"]},{"name":"HTTPS Everywhere","description":"អ៊ិនគ្រីប​តំបន់​បណ្ដាញ! ប្រើ​សុវត្ថិភាព HTTPS នៅ​លើ​បណ្ដាញ​​ជា​ច្រើន។","creator":"extension-devs@eff.org","homepageURL":"https://www.eff.org/https-everywhere","developers":null,"translators":null,"contributors":null,"locales":["km"]},{"name":"HTTPS ਐਵਰੀਵੇਅਰ","description":"ਵੈੱਬ ਨੂੰ ਇੰਕ੍ਰਿਪਟ ਕਰੋ! ਕਈ ਸਾਈਟਾਂ ਲਈ ਆਪਣੇ ਆਪ HTTPS ਸੁਰੱਖਿਆ ਵਰਤੋ।","creator":"extension-devs@eff.org","homepageURL":"https://www.eff.org/https-everywhere","developers":null,"translators":null,"contributors":null,"locales":["pa"]},{"name":"HTTPS Everywhere","description":"Enkripsi web-nya! Gunakan keamanan HTTPS secara otomatis di banyak situs.","creator":"extension-devs@eff.org","homepageURL":"https://www.eff.org/https-everywhere","developers":null,"translators":null,"contributors":null,"locales":["id"]},{"name":"HTTPS Навсякъде","description":"Шифрирайте мрежата! Използвайте автоматична HTTPS защита на много страници.","creator":"extension-devs@eff.org","homepageURL":"https://www.eff.org/https-everywhere","developers":null,"translators":null,"contributors":null,"locales":["bg"]},{"name":"সর্বত্র HTTPS","description":"ওয়েবকে এনক্রিপ্ট করুন! বহু সাইটে স্বয়ংক্রিয়ভাবে HTTPS নিরাপত্তা ব্যবহার করুন।","creator":"extension-devs@eff.org","homepageURL":"https://www.eff.org/https-everywhere","developers":null,"translators":null,"contributors":null,"locales":["bn"]},{"name":"HTTPS Everywhere","description":"Encrypt the Web! Automatically use HTTPS security on many sites.","creator":"extension-devs@eff.org","homepageURL":"https://www.eff.org/https-everywhere","developers":null,"translators":null,"contributors":null,"locales":["kab"]},{"name":"HTTPS Everywhere","description":"¡Encriptar la Web! Usar seguridad HTTPS automáticamente en la mayoría de los sitios.","creator":"extension-devs@eff.org","homepageURL":"https://www.eff.org/https-everywhere","developers":null,"translators":null,"contributors":null,"locales":["es-AR"]},{"name":"HTTPS Everywhere","description":"Weba enkriptatu! Automatikoki erabili HTTPS segurtasuna leku askotan.","creator":"extension-devs@eff.org","homepageURL":"https://www.eff.org/https-everywhere","developers":null,"translators":null,"contributors":null,"locales":["eu"]},{"name":"HTTPS Everywhere","description":"Kryptera webben! Använd HTTPS automatiskt på många webbplatser.","creator":"extension-devs@eff.org","homepageURL":"https://www.eff.org/https-everywhere","developers":null,"translators":null,"contributors":null,"locales":["sv"]},{"name":"HTTPS Everywhere","description":"Cifra la Red! Automáticamente utiliza seguridades HTTPS en multiples sitios.","creator":"extension-devs@eff.org","homepageURL":"https://www.eff.org/https-everywhere","developers":null,"translators":null,"contributors":null,"locales":["es-MX"]},{"name":"HTTPS Everywhere","description":"Šifrujte! Používejte automaticky zabezpečené HTTPS na mnoha stránkách.","creator":"extension-devs@eff.org","homepageURL":"https://www.eff.org/https-everywhere","developers":null,"translators":null,"contributors":null,"locales":["cs"]},{"name":"HTTPS Everywhere","description":"බොහෝ වෙබ් අඩවි සඳහා HTTPS ආරක්ෂාව ස්වයංක්‍රීයව පාවිච්චි කරන්න.","creator":"extension-devs@eff.org","homepageURL":"https://www.eff.org/https-everywhere","developers":null,"translators":null,"contributors":null,"locales":["si-LK"]},{"name":"HTTPS Everywhere","description":"Encrypt the Web! Automatically use HTTPS security on many sites.","creator":"extension-devs@eff.org","homepageURL":"https://www.eff.org/https-everywhere","developers":null,"translators":null,"contributors":null,"locales":["or"]},{"name":"HTTPS Everywhere","description":"Titkosítsa a Web-et! Automatikusan használja a HTTPS titkosítást a legtöbb oldalon.","creator":"extension-devs@eff.org","homepageURL":"https://www.eff.org/https-everywhere","developers":null,"translators":null,"contributors":null,"locales":["hu"]},{"name":"HTTPS Everywhere","description":"Encrypt the Web! Automatically use HTTPS security on many sites.","creator":"extension-devs@eff.org","homepageURL":"https://www.eff.org/https-everywhere","developers":null,"translators":null,"contributors":null,"locales":["en-GB"]},{"name":"HTTPS Everywhere","description":"Encrypt the Web! Automatically use HTTPS security on many sites.","creator":"extension-devs@eff.org","homepageURL":"https://www.eff.org/https-everywhere","developers":null,"translators":null,"contributors":null,"locales":["kn"]},{"name":"HTTPS-allsstaðar","description":"Dulkóðaðu vefinn! Notaðu sjálfkrafa HTTPS-öryggi á mörgum vefsvæðum.","creator":"extension-devs@eff.org","homepageURL":"https://www.eff.org/https-everywhere","developers":null,"translators":null,"contributors":null,"locales":["is"]},{"name":"HTTPS Everywhere","description":"Krypter veven! Bruk HTTPS-tryggleik automatisk på mange sider.","creator":"extension-devs@eff.org","homepageURL":"https://www.eff.org/https-everywhere","developers":null,"translators":null,"contributors":null,"locales":["nn"]},{"name":"HTTPS Everywhere","description":"Зашифруйте мережу! Автоматично використовуйте безпеку HTTPS на багатьох сайтах.","creator":"extension-devs@eff.org","homepageURL":"https://www.eff.org/https-everywhere","developers":null,"translators":null,"contributors":null,"locales":["uk"]},{"name":"ہائپر ٹیکسٹ ٹرانسفر پروٹوکول سکیور ہر جگہ ","description":"ویب کو خفیہ کریں! خودبخود ہائپر ٹیکسٹ ٹرانسفر پروٹوکول سکیور سکیورٹی زیادہ سائیٹس پر استعمال کریں۔","creator":"extension-devs@eff.org","homepageURL":"https://www.eff.org/https-everywhere","developers":null,"translators":null,"contributors":null,"locales":["ur"]},{"name":"HTTPS Everywhere","description":"Encrypt the Web! Automatically use HTTPS security on many sites.","creator":"extension-devs@eff.org","homepageURL":"https://www.eff.org/https-everywhere","developers":null,"translators":null,"contributors":null,"locales":["si"]},{"name":"HTTPS-Ĉie","description":"Ĉifrigu la reton! Aŭtomate uzu HTTPS‐sekurecon ĉe multaj retejoj.","creator":"extension-devs@eff.org","homepageURL":"https://www.eff.org/https-everywhere","developers":null,"translators":null,"contributors":null,"locales":["eo"]},{"name":"HTTPS kila mahali","description":"Encrypt mtandao!  Moja kwa moja tumia HTTPS usalama kwenye tovuti nyingi.","creator":"extension-devs@eff.org","homepageURL":"https://www.eff.org/https-everywhere","developers":null,"translators":null,"contributors":null,"locales":["sw"]},{"name":"HTTPS Everywhere","description":"Mã hóa Web! Tự động sử dụng bảo mật HTTPS ở nhiều trang web.","creator":"extension-devs@eff.org","homepageURL":"https://www.eff.org/https-everywhere","developers":null,"translators":null,"contributors":null,"locales":["vi"]},{"name":"HTTPS Everywhere","description":"شفر شبكة الإنترنت! استخدم تلقائيا تقنية HTTPS للأمان مع الكثير من المواقع.","creator":"extension-devs@eff.org","homepageURL":"https://www.eff.org/https-everywhere","developers":null,"translators":null,"contributors":null,"locales":["ar"]},{"name":"HTTPS Everywhere","description":"დაშიფრეთ ინტერნეტკავშირი! გამოიყენეთ დაცული HTTPS საიტების უმეტეს ნაწილზე.","creator":"extension-devs@eff.org","homepageURL":"https://www.eff.org/https-everywhere","developers":null,"translators":null,"contributors":null,"locales":["ka"]},{"name":"HTTPS Everywhere","description":"Encripta la Web! Usar seguridá HTTPS automáticamente en munchos sitios","creator":"extension-devs@eff.org","homepageURL":"https://www.eff.org/https-everywhere","developers":null,"translators":null,"contributors":null,"locales":["ast"]},{"name":"HTTPS Everywhere","description":"加密网络浏览，自动使用 HTTPS 连接访问站点，更加安全。","creator":"extension-devs@eff.org","homepageURL":"https://www.eff.org/https-everywhere","developers":null,"translators":null,"contributors":null,"locales":["zh-CN"]},{"name":"HTTPS Everywhere","description":"웹을 암호화 하세요! 자동으로 여러 사이트에 HTTPS 보안을 사용합니다.","creator":"extension-devs@eff.org","homepageURL":"https://www.eff.org/https-everywhere","developers":null,"translators":null,"contributors":null,"locales":["ko"]},{"name":"HTTPS Everywhere","description":"Encrypt the Web! Automatically use HTTPS security on many sites.","creator":"extension-devs@eff.org","homepageURL":"https://www.eff.org/https-everywhere","developers":null,"translators":null,"contributors":null,"locales":["gd"]},{"name":"HTTPS Everywhere","description":"Cripta il Web! Usa HTTPS automaticamente su numerosi siti.","creator":"extension-devs@eff.org","homepageURL":"https://www.eff.org/https-everywhere","developers":null,"translators":null,"contributors":null,"locales":["it"]},{"name":"HTTPS Everywhere","description":"Encrypt the Web! Automatically use HTTPS security on many sites.","creator":"extension-devs@eff.org","homepageURL":"https://www.eff.org/https-everywhere","developers":null,"translators":null,"contributors":null,"locales":["uz"]},{"name":"HTTPS Everywhere","description":"Fshehtëzoni Web-in! Përdorni automatikisht në mjaft sajte siguri HTTPS.","creator":"extension-devs@eff.org","homepageURL":"https://www.eff.org/https-everywhere","developers":null,"translators":null,"contributors":null,"locales":["sq"]},{"name":"HTTPS Everywhere","description":"Šifruokite saityną! Automatiškai naudokite HTTPS saugumą daugelyje svetainių.","creator":"extension-devs@eff.org","homepageURL":"https://www.eff.org/https-everywhere","developers":null,"translators":null,"contributors":null,"locales":["lt"]},{"name":"எல்லா இடங்களிலும் HTTPS","description":"வலை Encrypt! தானாகவே பல தளங்களில் HTTPS பாதுகாப்பு பயன்படுத்த.","creator":"extension-devs@eff.org","homepageURL":"https://www.eff.org/https-everywhere","developers":null,"translators":null,"contributors":null,"locales":["ta"]},{"name":"HTTPS Everywhere","description":"वेब को एनक्रिप्ट करें! सभी वेबसाइट्स पर स्वतः HTTPS का इस्तेमाल करें.","creator":"extension-devs@eff.org","homepageURL":"https://www.eff.org/https-everywhere","developers":null,"translators":null,"contributors":null,"locales":["hi"]},{"name":"Hər yerdə HTTPS","description":"Veb-i şifrələ! Bir çox saytlarda HTTPS-i avtomatik istifadə et.","creator":"extension-devs@eff.org","homepageURL":"https://www.eff.org/https-everywhere","developers":null,"translators":null,"contributors":null,"locales":["az"]},{"name":"HTTPS Everywhere","description":"เข้ารหัสลับให้กับเว็บ ใช้มาตรการความปลอดภัย HTTPS กับเว็บไซต์โดยอัตโมมัติ","creator":"extension-devs@eff.org","homepageURL":"https://www.eff.org/https-everywhere","developers":null,"translators":null,"contributors":null,"locales":["th"]},{"name":"HTTPS Насекаде","description":"Екриптирај го Веб-от! Автоматски користи HTTPS сигурност на многу страни.","creator":"extension-devs@eff.org","homepageURL":"https://www.eff.org/https-everywhere","developers":null,"translators":null,"contributors":null,"locales":["mk"]},{"name":"HTTPS Everywhere","description":"Verschlüsselt das Internet! Nutzen Sie HTTPS-Sicherheit automatisch auf vielen Webseiten.","creator":"extension-devs@eff.org","homepageURL":"https://www.eff.org/https-everywhere","developers":null,"translators":null,"contributors":null,"locales":["de"]},{"name":"HTTPS Everywhere","description":"Versleutel het Web! Gebruik HTTPS Everywhere automatisch op vele websites.","creator":"extension-devs@eff.org","homepageURL":"https://www.eff.org/https-everywhere","developers":null,"translators":null,"contributors":null,"locales":["nl-BE"]},{"name":"HTTPS सर्वत्र","description":"वेब कूटबद्ध करा ! आपोआप अनेक साइटवर HTTPS सुरक्षा वापरा.","creator":"extension-devs@eff.org","homepageURL":"https://www.eff.org/https-everywhere","developers":null,"translators":null,"contributors":null,"locales":["mr"]},{"name":"HTTPS Everywhere","description":"Krypter nettet! Bruk HTTPS-sikkerhet automatisk på mange nettsteder.","creator":"extension-devs@eff.org","homepageURL":"https://www.eff.org/https-everywhere","developers":null,"translators":null,"contributors":null,"locales":["nb"]},{"name":"HTTPS Everywhere","description":"Cifrar a Web! Usar automáticamente seguridade HTTPS en moitos sitios.","creator":"extension-devs@eff.org","homepageURL":"https://www.eff.org/https-everywhere","developers":null,"translators":null,"contributors":null,"locales":["gl"]},{"name":"HTTPS Everywhere","description":"Xifra la Web! Fes servir automàticament la seguretat HTTPS a molts llocs.","creator":"extension-devs@eff.org","homepageURL":"https://www.eff.org/https-everywhere","developers":null,"translators":null,"contributors":null,"locales":["ca"]},{"name":"HTTPS Everywhere","description":"Zašifrujte web! Tento doplnok automatizuje použitie HTTPS na mnohých stránkach.","creator":"extension-devs@eff.org","homepageURL":"https://www.eff.org/https-everywhere","developers":null,"translators":null,"contributors":null,"locales":["sk"]},{"name":"HTTPS Everywhere","description":"Encrypt the Web! Automatically use HTTPS security on many sites.","creator":"extension-devs@eff.org","homepageURL":"https://www.eff.org/https-everywhere","developers":null,"translators":null,"contributors":null,"locales":["my"]},{"name":"HTTPS Everywhere","description":"Criptografar a Web! Use automaticamente a segurança HTTPS em diversos sites.","creator":"extension-devs@eff.org","homepageURL":"https://www.eff.org/https-everywhere","developers":null,"translators":null,"contributors":null,"locales":["pt-BR"]},{"name":"HTTPS Everywhere","description":"加密整個網路！自動在網站上使用 HTTPS 安全連線。","creator":"extension-devs@eff.org","homepageURL":"https://www.eff.org/https-everywhere","developers":null,"translators":null,"contributors":null,"locales":["zh-TW"]},{"name":"HTTPS Svuda","description":"Šifriraj veb! Automatski koristi HTTPS bezbednosni protokol na velikom broju sajtova.","creator":"extension-devs@eff.org","homepageURL":"https://www.eff.org/https-everywhere","developers":null,"translators":null,"contributors":null,"locales":["sr"]},{"name":"HTTPS Everywhere","description":"Enkripteer die Web! Gebruik HTTPS sekuriteit automaties op baie plekke.","creator":"extension-devs@eff.org","homepageURL":"https://www.eff.org/https-everywhere","developers":null,"translators":null,"contributors":null,"locales":["af"]},{"name":"HTTPS Everywhere","description":"وب را رمزگذاری کنید! از امنیت HTTPS بصورت خودکار برای بسیاری از وب‌سایت‌ها استفاده کنید.","creator":"extension-devs@eff.org","homepageURL":"https://www.eff.org/https-everywhere","developers":null,"translators":null,"contributors":null,"locales":["fa"]},{"name":"എല്ലായിടത്തും എച്ച്ടിടിപിഎസ്","description":"വെബ് രഹസ്യ കോഡുകൾ ആക്കി മാറ്റുക ! തനിയെ നിരവധി സൈറ്റുകളിൽ എഛ് ടി ടി പി എസ് സുരക്ഷിതത്വം ഉപയോഗിക്കുക ","creator":"extension-devs@eff.org","homepageURL":"https://www.eff.org/https-everywhere","developers":null,"translators":null,"contributors":null,"locales":["ml"]},{"name":"HTTPS Everywhere","description":"Encrypt the Web! Automatically use HTTPS security on many sites.","creator":"extension-devs@eff.org","homepageURL":"https://www.eff.org/https-everywhere","developers":null,"translators":null,"contributors":null,"locales":["son"]},{"name":"HTTPS Everywhere","description":"Encrypt the Web! Automatically use HTTPS security on many sites.","creator":"extension-devs@eff.org","homepageURL":"https://www.eff.org/https-everywhere","developers":null,"translators":null,"contributors":null,"locales":["ia"]},{"name":"HTTPS Everywhere","description":"Зашифруйте сеть! Автоматически переключайтесь на безопасный протокол HTTPS там, где это возможно.","creator":"extension-devs@eff.org","homepageURL":"https://www.eff.org/https-everywhere","developers":null,"translators":null,"contributors":null,"locales":["ru"]},{"name":"「https優先」","description":"將互聯網加密！自動喺網站使用https連線。","creator":"extension-devs@eff.org","homepageURL":"https://www.eff.org/https-everywhere","developers":null,"translators":null,"contributors":null,"locales":["zh-HK"]},{"name":"HTTPS Everywhere","description":"Szyfruj sieć! Automatycznie używaj zabezpieczeń HTTPS na wielu stronach.","creator":"extension-devs@eff.org","homepageURL":"https://www.eff.org/https-everywhere","developers":null,"translators":null,"contributors":null,"locales":["pl"]},{"name":"HTTPS Everywhere","description":"Šifrēt tīmekli! Automātiski lietot HTTPS drošību daudzās vietnēs.","creator":"extension-devs@eff.org","homepageURL":"https://www.eff.org/https-everywhere","developers":null,"translators":null,"contributors":null,"locales":["lv"]},{"name":"HTTPS Everywhere","description":"Encripte a Web! Utilize automaticamente a segurança HTTPS em vários sites.","creator":"extension-devs@eff.org","homepageURL":"https://www.eff.org/https-everywhere","developers":null,"translators":null,"contributors":null,"locales":["pt-PT"]},{"name":"HTTPS Everywhere","description":"Encrypt the Web! Automatically use HTTPS security on many sites.","creator":"extension-devs@eff.org","homepageURL":"https://www.eff.org/https-everywhere","developers":null,"translators":null,"contributors":null,"locales":["br"]},{"name":"HTTPS Everywhere","description":"Zakodirajte internet! Samodejno uporabite HTTPS zaščito na mnogih spletnih straneh.","creator":"extension-devs@eff.org","homepageURL":"https://www.eff.org/https-everywhere","developers":null,"translators":null,"contributors":null,"locales":["sl"]},{"name":"HTTPS Everywhere","description":"Šifriraj web! Automatski koristi HTTPS sigurnost na mnogim stranicama.","creator":"extension-devs@eff.org","homepageURL":"https://www.eff.org/https-everywhere","developers":null,"translators":null,"contributors":null,"locales":["hr"]},{"name":"HTTPS Kaikkialla","description":"Salaa verkko automaattisesti käyttäen HTTPS-suojausta monilla sivuilla!","creator":"extension-devs@eff.org","homepageURL":"https://www.eff.org/https-everywhere","developers":null,"translators":null,"contributors":null,"locales":["fi"]},{"name":"HTTPS Everywhere","description":"Կոդավորե՛ք Վեբը։ Ավտոմատ օգտագործեք HTTPS անվտանգություն շատ կայքերի վրա։","creator":"extension-devs@eff.org","homepageURL":"https://www.eff.org/https-everywhere","developers":null,"translators":null,"contributors":null,"locales":["hy"]},{"name":"Барлық жерде HTTPS","description":"Вебті шифрлау! Көптеген сайттарда HTTPS қауіпсіздігін автоматты түрде пайдаланыңыз.","creator":"extension-devs@eff.org","homepageURL":"https://www.eff.org/https-everywhere","developers":null,"translators":null,"contributors":null,"locales":["kk"]},{"name":"HTTPS Everywhere","description":"Зашыфруйце Iнтэрнэт! Аўтаматычнае выкарыстанне бяспекі HTTPS на розных сайтах","creator":"extension-devs@eff.org","homepageURL":"https://www.eff.org/https-everywhere","developers":null,"translators":null,"contributors":null,"locales":["be"]},{"name":"HTTPS Oriunde","description":"Criptează web-ul! Folosește automat securitatea HTTPS pe multe site-uri.","creator":"extension-devs@eff.org","homepageURL":"https://www.eff.org/https-everywhere","developers":null,"translators":null,"contributors":null,"locales":["ro"]},{"name":"HTTPS Everywhere","description":"Encrypt the Web! Automatically use HTTPS security on many sites.","creator":"extension-devs@eff.org","homepageURL":"https://www.eff.org/https-everywhere","developers":null,"translators":null,"contributors":null,"locales":["bs"]},{"name":"HTTPS Everywhere","description":"વેબ ગોપનીય કરો! ઘણી સાઇટ પર આપમેળે HTTPS સુરક્ષાનો ઉપયોગ કરો.","creator":"extension-devs@eff.org","homepageURL":"https://www.eff.org/https-everywhere","developers":null,"translators":null,"contributors":null,"locales":["gu"]},{"name":"HTTPS Everywhere","description":"¡Cifre la Web! Utilice automáticamente la seguridad HTTPS en muchos sitios.","creator":"extension-devs@eff.org","homepageURL":"https://www.eff.org/https-everywhere","developers":null,"translators":null,"contributors":null,"locales":["es"]},{"name":"HTTPS Everywhere","description":"Κρυπτογραφήστε τον Παγκόσμιο Ιστό! Χρησιμοποιήστε αυτόματα ασφάλεια HTTPS σε πολλούς δικτυακούς τόπους.","creator":"extension-devs@eff.org","homepageURL":"https://www.eff.org/https-everywhere","developers":null,"translators":null,"contributors":null,"locales":["el"]},{"name":"HTTPS Everywhere","description":"הצפן את הרשת! השתמש באבטחת HTTPS באופן אוטומטי באתרים רבים.","creator":"extension-devs@eff.org","homepageURL":"https://www.eff.org/https-everywhere","developers":null,"translators":null,"contributors":null,"locales":["he"]},{"name":"HTTPS Everywhere","description":"Kryptér webbet! Brug HTTPS-sikkerhed automatisk på mange websteder.","creator":"extension-devs@eff.org","homepageURL":"https://www.eff.org/https-everywhere","developers":null,"translators":null,"contributors":null,"locales":["da"]},{"name":"HTTPS Everywhere","description":"Encrypt the Web! Automatically use HTTPS security on many sites.","creator":"extension-devs@eff.org","homepageURL":"https://www.eff.org/https-everywhere","developers":null,"translators":null,"contributors":null,"locales":["templates"]},{"name":"HTTPS Everywhere","description":"Web iletişiminizi şifreleyin! Birçok sitede otomatik olarak HTTPS güvenliğini kullanın.","creator":"extension-devs@eff.org","homepageURL":"https://www.eff.org/https-everywhere","developers":null,"translators":null,"contributors":null,"locales":["tr"]},{"name":"HTTPS Everywhere","description":"Criptigh an Gréasán! Bain úsáid as slándáil HTTPS go huathoibríoch ar go leor suíomh.","creator":"extension-devs@eff.org","homepageURL":"https://www.eff.org/https-everywhere","developers":null,"translators":null,"contributors":null,"locales":["ga"]},{"name":"HTTPS Everywhere","description":"Encrypt the Web! Automatically use HTTPS security on many sites.","creator":"extension-devs@eff.org","homepageURL":"https://www.eff.org/https-everywhere","developers":null,"translators":null,"contributors":null,"locales":["ne"]},{"name":"HTTPS Everywhere","description":"Sulitkan Sesawang! Guna HTTPS secara automatik di kebanyakan laman.","creator":"extension-devs@eff.org","homepageURL":"https://www.eff.org/https-everywhere","developers":null,"translators":null,"contributors":null,"locales":["ms-MY"]},{"name":"HTTPS Everywhere","description":"Versleutel het web! Gebruik automatisch HTTPS-beveiliging op veel websites.","creator":"extension-devs@eff.org","homepageURL":"https://www.eff.org/https-everywhere","developers":null,"translators":null,"contributors":null,"locales":["nl"]},{"name":"HTTPS Everywhere","description":"ウェブを暗号化します！多くのウェブサイト上でHTTPSセキュリティを自動的にかけます。","creator":"extension-devs@eff.org","homepageURL":"https://www.eff.org/https-everywhere","developers":null,"translators":null,"contributors":null,"locales":["ja"]}],"targetApplications":[{"id":"toolkit@mozilla.org","minVersion":null,"maxVersion":null}],"targetPlatforms":[],"signedDate":null,"seen":true,"dependencies":[],"incognito":"spanning","userPermissions":{"permissions":["webNavigation","webRequest","webRequestBlocking","tabs","cookies","storage"],"origins":["*://*/*","ftp://*/*"]},"optionalPermissions":{"permissions":[],"origins":[]},"icons":{"48":"images/icons/icon-active-48.png","128":"images/icons/icon-active-128.png"},"iconURL":null,"blocklistState":0,"blocklistURL":null,"startupData":null,"hidden":false,"installTelemetryInfo":null,"recommendationState":null,"rootURI":"resource://torbutton/content/extensions/https-everywhere/","location":"app-builtin"},{"id":"ddg@search.mozilla.org","syncGUID":"{bc99b197-23da-4e89-ac7b-1fdc30cc06bb}","version":"1.1","type":"extension","loader":null,"updateURL":null,"optionsURL":null,"optionsType":null,"optionsBrowserStyle":true,"aboutURL":null,"defaultLocale":{"name":"DuckDuckGo","description":"Search DuckDuckGo","creator":null,"developers":null,"translators":null,"contributors":null},"visible":true,"active":true,"userDisabled":false,"appDisabled":false,"embedderDisabled":false,"applyBackgroundUpdates":1,"path":null,"skinnable":false,"sourceURI":null,"releaseNotesURI":null,"softDisabled":false,"foreignInstall":false,"strictCompatibility":true,"locales":[],"targetApplications":[{"id":"toolkit@mozilla.org","minVersion":null,"maxVersion":null}],"targetPlatforms":[],"signedDate":null,"seen":true,"dependencies":[],"incognito":"spanning","userPermissions":{"permissions":[],"origins":[]},"optionalPermissions":{"permissions":[],"origins":[]},"icons":{"16":"favicon.png"},"iconURL":null,"blocklistState":0,"blocklistURL":null,"startupData":null,"hidden":true,"installTelemetryInfo":null,"recommendationState":null,"rootURI":"resource://search-extensions/ddg/","location":"app-builtin"},{"id":"youtube@search.mozilla.org","syncGUID":"{cbc4ed86-35bd-4c1b-92e4-679355f3b4c3}","version":"1.0","type":"extension","loader":null,"updateURL":null,"optionsURL":null,"optionsType":null,"optionsBrowserStyle":true,"aboutURL":null,"defaultLocale":{"name":"YouTube","description":"YouTube - Videos","creator":null,"developers":null,"translators":null,"contributors":null},"visible":true,"active":true,"userDisabled":false,"appDisabled":false,"embedderDisabled":false,"applyBackgroundUpdates":1,"path":null,"skinnable":false,"sourceURI":null,"releaseNotesURI":null,"softDisabled":false,"foreignInstall":false,"strictCompatibility":true,"locales":[],"targetApplications":[{"id":"toolkit@mozilla.org","minVersion":null,"maxVersion":null}],"targetPlatforms":[],"signedDate":null,"seen":true,"dependencies":[],"incognito":"spanning","userPermissions":{"permissions":[],"origins":[]},"optionalPermissions":{"permissions":[],"origins":[]},"icons":{"16":"favicon.ico"},"iconURL":null,"blocklistState":0,"blocklistURL":null,"startupData":null,"hidden":true,"installTelemetryInfo":null,"recommendationState":null,"rootURI":"resource://search-extensions/youtube/","location":"app-builtin"},{"id":"google@search.mozilla.org","syncGUID":"{898928b9-78b0-40c3-9d06-62b3e3fe1ebd}","version":"1.1","type":"extension","loader":null,"updateURL":null,"optionsURL":null,"optionsType":null,"optionsBrowserStyle":true,"aboutURL":null,"defaultLocale":{"name":"Google","description":"Google Search","creator":null,"developers":null,"translators":null,"contributors":null},"visible":true,"active":true,"userDisabled":false,"appDisabled":false,"embedderDisabled":false,"applyBackgroundUpdates":1,"path":null,"skinnable":false,"sourceURI":null,"releaseNotesURI":null,"softDisabled":false,"foreignInstall":false,"strictCompatibility":true,"locales":[],"targetApplications":[{"id":"toolkit@mozilla.org","minVersion":null,"maxVersion":null}],"targetPlatforms":[],"signedDate":null,"seen":true,"dependencies":[],"incognito":"spanning","userPermissions":{"permissions":[],"origins":[]},"optionalPermissions":{"permissions":[],"origins":[]},"icons":{"16":"favicon.ico"},"iconURL":null,"blocklistState":0,"blocklistURL":null,"startupData":null,"hidden":true,"installTelemetryInfo":null,"recommendationState":null,"rootURI":"resource://search-extensions/google/","location":"app-builtin"},{"id":"blockchair@search.mozilla.org","syncGUID":"{9bbc7b01-0292-401f-9980-fdcc5cda91d0}","version":"1.0","type":"extension","loader":null,"updateURL":null,"optionsURL":null,"optionsType":null,"optionsBrowserStyle":true,"aboutURL":null,"defaultLocale":{"name":"Blockchair","description":"Blockchair","creator":null,"developers":null,"translators":null,"contributors":null},"visible":true,"active":true,"userDisabled":false,"appDisabled":false,"embedderDisabled":false,"applyBackgroundUpdates":1,"path":null,"skinnable":false,"sourceURI":null,"releaseNotesURI":null,"softDisabled":false,"foreignInstall":false,"strictCompatibility":true,"locales":[],"targetApplications":[{"id":"toolkit@mozilla.org","minVersion":null,"maxVersion":null}],"targetPlatforms":[],"signedDate":null,"seen":true,"dependencies":[],"incognito":"spanning","userPermissions":{"permissions":[],"origins":[]},"optionalPermissions":{"permissions":[],"origins":[]},"icons":{"16":"favicon.png"},"iconURL":null,"blocklistState":0,"blocklistURL":null,"startupData":null,"hidden":true,"installTelemetryInfo":null,"recommendationState":null,"rootURI":"resource://search-extensions/blockchair/","location":"app-builtin"},{"id":"ddg-onion@search.mozilla.org","syncGUID":"{139e32e7-1efe-4967-8f0e-f3f6ddc47e55}","version":"1.0","type":"extension","loader":null,"updateURL":null,"optionsURL":null,"optionsType":null,"optionsBrowserStyle":true,"aboutURL":null,"defaultLocale":{"name":"DuckDuckGoOnion","description":"Duck Duck Go Onion","creator":null,"developers":null,"translators":null,"contributors":null},"visible":true,"active":true,"userDisabled":false,"appDisabled":false,"embedderDisabled":false,"applyBackgroundUpdates":1,"path":null,"skinnable":false,"sourceURI":null,"releaseNotesURI":null,"softDisabled":false,"foreignInstall":false,"strictCompatibility":true,"locales":[],"targetApplications":[{"id":"toolkit@mozilla.org","minVersion":null,"maxVersion":null}],"targetPlatforms":[],"signedDate":null,"seen":true,"dependencies":[],"incognito":"spanning","userPermissions":{"permissions":[],"origins":[]},"optionalPermissions":{"permissions":[],"origins":[]},"icons":{"16":"favicon.ico"},"iconURL":null,"blocklistState":0,"blocklistURL":null,"startupData":null,"hidden":true,"installTelemetryInfo":null,"recommendationState":null,"rootURI":"resource://search-extensions/ddg-onion/","location":"app-builtin"},{"id":"startpage@search.mozilla.org","syncGUID":"{0be8c14f-35e7-4930-b459-31d898dc1465}","version":"1.0","type":"extension","loader":null,"updateURL":null,"optionsURL":null,"optionsType":null,"optionsBrowserStyle":true,"aboutURL":null,"defaultLocale":{"name":"Startpage","description":"Start Page","creator":null,"developers":null,"translators":null,"contributors":null},"visible":true,"active":true,"userDisabled":false,"appDisabled":false,"embedderDisabled":false,"applyBackgroundUpdates":1,"path":null,"skinnable":false,"sourceURI":null,"releaseNotesURI":null,"softDisabled":false,"foreignInstall":false,"strictCompatibility":true,"locales":[],"targetApplications":[{"id":"toolkit@mozilla.org","minVersion":null,"maxVersion":null}],"targetPlatforms":[],"signedDate":null,"seen":true,"dependencies":[],"incognito":"spanning","userPermissions":{"permissions":[],"origins":[]},"optionalPermissions":{"permissions":[],"origins":[]},"icons":{"16":"favicon.png"},"iconURL":null,"blocklistState":0,"blocklistURL":null,"startupData":null,"hidden":true,"installTelemetryInfo":null,"recommendationState":null,"rootURI":"resource://search-extensions/startpage/","location":"app-builtin"},{"id":"twitter@search.mozilla.org","syncGUID":"{58d4e5ad-bc71-4639-ad74-2dbe1fe01d4d}","version":"1.0","type":"extension","loader":null,"updateURL":null,"optionsURL":null,"optionsType":null,"optionsBrowserStyle":true,"aboutURL":null,"defaultLocale":{"name":"Twitter","description":"Realtime Twitter Search","creator":null,"developers":null,"translators":null,"contributors":null},"visible":true,"active":true,"userDisabled":false,"appDisabled":false,"embedderDisabled":false,"applyBackgroundUpdates":1,"path":null,"skinnable":false,"sourceURI":null,"releaseNotesURI":null,"softDisabled":false,"foreignInstall":false,"strictCompatibility":true,"locales":[],"targetApplications":[{"id":"toolkit@mozilla.org","minVersion":null,"maxVersion":null}],"targetPlatforms":[],"signedDate":null,"seen":true,"dependencies":[],"incognito":"spanning","userPermissions":{"permissions":[],"origins":[]},"optionalPermissions":{"permissions":[],"origins":[]},"icons":{"16":"favicon.ico"},"iconURL":null,"blocklistState":0,"blocklistURL":null,"startupData":null,"hidden":true,"installTelemetryInfo":null,"recommendationState":null,"rootURI":"resource://search-extensions/twitter/","location":"app-builtin"},{"id":"wikipedia@search.mozilla.org","syncGUID":"{08a0d7b8-4a32-4557-863e-e98d2a0bb960}","version":"1.1","type":"extension","loader":null,"updateURL":null,"optionsURL":null,"optionsType":null,"optionsBrowserStyle":true,"aboutURL":null,"defaultLocale":{"name":"Wikipedia (en)","description":"Wikipedia, the Free Encyclopedia","creator":null,"developers":null,"translators":null,"contributors":null},"visible":true,"active":true,"userDisabled":false,"appDisabled":false,"embedderDisabled":false,"applyBackgroundUpdates":1,"path":null,"skinnable":false,"sourceURI":null,"releaseNotesURI":null,"softDisabled":false,"foreignInstall":false,"strictCompatibility":true,"locales":[],"targetApplications":[{"id":"toolkit@mozilla.org","minVersion":null,"maxVersion":null}],"targetPlatforms":[],"signedDate":null,"seen":true,"dependencies":[],"incognito":"spanning","userPermissions":{"permissions":[],"origins":[]},"optionalPermissions":{"permissions":[],"origins":[]},"icons":{"16":"favicon.ico"},"iconURL":null,"blocklistState":0,"blocklistURL":null,"startupData":null,"hidden":true,"installTelemetryInfo":null,"recommendationState":null,"rootURI":"resource://search-extensions/wikipedia/","location":"app-builtin"},{"id":"yahoo@search.mozilla.org","syncGUID":"{91b3a510-c268-436e-9c01-173280b7ba65}","version":"1.0","type":"extension","loader":null,"updateURL":null,"optionsURL":null,"optionsType":null,"optionsBrowserStyle":true,"aboutURL":null,"defaultLocale":{"name":"Yahoo","description":"Yahoo Search","creator":null,"developers":null,"translators":null,"contributors":null},"visible":true,"active":true,"userDisabled":false,"appDisabled":false,"embedderDisabled":false,"applyBackgroundUpdates":1,"path":null,"skinnable":false,"sourceURI":null,"releaseNotesURI":null,"softDisabled":false,"foreignInstall":false,"strictCompatibility":true,"locales":[],"targetApplications":[{"id":"toolkit@mozilla.org","minVersion":null,"maxVersion":null}],"targetPlatforms":[],"signedDate":null,"seen":true,"dependencies":[],"incognito":"spanning","userPermissions":{"permissions":[],"origins":[]},"optionalPermissions":{"permissions":[],"origins":[]},"icons":{"16":"favicon.ico"},"iconURL":null,"blocklistState":0,"blocklistURL":null,"startupData":null,"hidden":true,"installTelemetryInfo":null,"recommendationState":null,"rootURI":"resource://search-extensions/yahoo/","location":"app-builtin"},{"id":"onboarding@mozilla.org","syncGUID":"{22ef2cd8-feca-4d66-b1a2-8c5f5ba83b29}","version":"1.0","type":"extension","loader":null,"updateURL":null,"optionsURL":null,"optionsType":null,"optionsBrowserStyle":true,"aboutURL":null,"defaultLocale":{"name":"Onboarding","creator":null,"developers":null,"translators":null,"contributors":null},"visible":true,"active":true,"userDisabled":false,"appDisabled":false,"embedderDisabled":false,"installDate":946684800000,"updateDate":946684800000,"applyBackgroundUpdates":1,"path":"C:\\Tor Browser\\Browser\\browser\\features\\onboarding@mozilla.org.xpi","skinnable":false,"sourceURI":null,"releaseNotesURI":null,"softDisabled":false,"foreignInstall":false,"strictCompatibility":true,"locales":[],"targetApplications":[{"id":"toolkit@mozilla.org","minVersion":null,"maxVersion":null}],"targetPlatforms":[],"signedDate":null,"seen":true,"dependencies":[],"incognito":"spanning","userPermissions":{"permissions":[],"origins":[]},"optionalPermissions":{"permissions":[],"origins":[]},"icons":{},"iconURL":null,"blocklistState":0,"blocklistURL":null,"startupData":null,"hidden":true,"installTelemetryInfo":null,"recommendationState":null,"rootURI":"jar:file:///C:/Tor%20Browser/Browser/browser/features/onboarding@mozilla.org.xpi!/","location":"app-system-defaults"},{"id":"langpack-fr@firefox.mozilla.org","syncGUID":"{0b4af5be-8f7d-4021-aa70-e3af2a615a33}","version":"91.0buildid20210823123856","type":"locale","loader":null,"updateURL":null,"optionsURL":null,"optionsType":null,"optionsBrowserStyle":true,"aboutURL":null,"defaultLocale":{"name":"Français Language Pack","description":"Language pack for Firefox for fr","creator":"mozfr.org (contributors: L’équipe francophone)","developers":null,"translators":null,"contributors":null},"visible":true,"active":true,"userDisabled":false,"appDisabled":false,"embedderDisabled":false,"installDate":946684800000,"updateDate":1644073043156,"applyBackgroundUpdates":1,"path":"C:\\Tor Browser\\Browser\\TorBrowser\\Data\\Browser\\profile.default\\extensions\\langpack-fr@firefox.mozilla.org.xpi","skinnable":false,"sourceURI":"https://addons.mozilla.org/firefox/downloads/file/3829365/francais_language_pack-91.0buildid20210823123856-fx.xpi","releaseNotesURI":null,"softDisabled":false,"foreignInstall":true,"strictCompatibility":true,"locales":[],"targetApplications":[{"id":"toolkit@mozilla.org","minVersion":"91.0","maxVersion":"91.*"}],"targetPlatforms":[],"signedState":2,"signedDate":1629733279000,"seen":true,"dependencies":[],"userPermissions":null,"optionalPermissions":null,"icons":{},"iconURL":null,"blocklistState":0,"blocklistURL":null,"startupData":{"chromeEntries":[["locale","branding","fr","browser/chrome/fr/locale/branding/"],["locale","browser","fr","browser/chrome/fr/locale/browser/"],["locale","browser-region","fr","browser/chrome/fr/locale/browser-region/"],["locale","devtools","fr","browser/chrome/fr/locale/fr/devtools/client/"],["locale","devtools-shared","fr","browser/chrome/fr/locale/fr/devtools/shared/"],["locale","devtools-startup","fr","browser/chrome/fr/locale/fr/devtools/startup/"],["locale","formautofill","fr","browser/features/formautofill@mozilla.org/fr/locale/fr/"],["locale","report-site-issue","fr","browser/features/webcompat-reporter@mozilla.org/fr/locale/fr/"],["locale","alerts","fr","chrome/fr/locale/fr/alerts/"],["locale","autoconfig","fr","chrome/fr/locale/fr/autoconfig/"],["locale","global","fr","chrome/fr/locale/fr/global/"],["locale","global-platform","fr","chrome/fr/locale/fr/global-platform/win/"],["locale","mozapps","fr","chrome/fr/locale/fr/mozapps/"],["locale","necko","fr","chrome/fr/locale/fr/necko/"],["locale","passwordmgr","fr","chrome/fr/locale/fr/passwordmgr/"],["locale","pdf.js","fr","chrome/fr/locale/pdfviewer/"],["locale","pipnss","fr","chrome/fr/locale/fr/pipnss/"],["locale","pippki","fr","chrome/fr/locale/fr/pippki/"],["locale","places","fr","chrome/fr/locale/fr/places/"],["locale","weave","fr","chrome/fr/locale/fr/services/"]],"langpackId":"langpack-fr-browser","l10nRegistrySources":{"toolkit":"","browser":"browser/"},"languages":["fr"]},"hidden":false,"installTelemetryInfo":{"source":"app-profile","method":"sideload"},"recommendationState":null,"rootURI":"jar:file:///C:/Tor%20Browser/Browser/TorBrowser/Data/Browser/profile.default/extensions/langpack-fr@firefox.mozilla.org.xpi!/","location":"app-profile"},{"id":"fr-dicollecte@dictionaries.addons.mozilla.org","syncGUID":"{70d92fe6-4670-4c38-bd14-a487a8bbf173}","version":"7.0b","type":"dictionary","loader":null,"updateURL":null,"optionsURL":null,"optionsType":null,"optionsBrowserStyle":true,"aboutURL":null,"defaultLocale":{"name":"Dictionnaire français","description":"Dictionnaire orthographique pour la langue française.","creator":null,"homepageURL":"https://grammalecte.net","developers":null,"translators":null,"contributors":null},"visible":true,"active":true,"userDisabled":false,"appDisabled":false,"embedderDisabled":false,"installDate":1644073047576,"updateDate":1644073047576,"applyBackgroundUpdates":"2","path":"C:\\Tor Browser\\Browser\\TorBrowser\\Data\\Browser\\profile.default\\extensions\\fr-dicollecte@dictionaries.addons.mozilla.org.xpi","skinnable":false,"sourceURI":"https://addons.mozilla.org/firefox/downloads/file/3581786/dictionnaire_francais-7.0b.xpi","releaseNotesURI":null,"softDisabled":false,"foreignInstall":false,"strictCompatibility":true,"locales":[],"targetApplications":[{"id":"toolkit@mozilla.org","minVersion":"61.0","maxVersion":"*"}],"targetPlatforms":[],"signedDate":null,"seen":true,"dependencies":[],"userPermissions":null,"optionalPermissions":null,"icons":{},"iconURL":null,"blocklistState":0,"blocklistURL":null,"startupData":{"dictionaries":{"fr":"dictionaries/fr-classic.dic"}},"hidden":false,"installTelemetryInfo":{"source":"about:preferences"},"recommendationState":null,"rootURI":"jar:file:///C:/Tor%20Browser/Browser/TorBrowser/Data/Browser/profile.default/extensions/fr-dicollecte@dictionaries.addons.mozilla.org.xpi!/","location":"app-profile"},{"id":"wrc@avast.com","syncGUID":"{b566c4ee-0bb1-4b64-a727-5daea452c042}","version":"21.0.101","type":"extension","loader":null,"updateURL":null,"optionsURL":null,"optionsType":null,"optionsBrowserStyle":true,"aboutURL":null,"defaultLocale":{"name":"Avast Online Security & Privacy","description":"Avast browser security and web reputation plugin.","creator":"Avast","developers":null,"translators":null,"contributors":null},"visible":true,"active":true,"userDisabled":false,"appDisabled":false,"embedderDisabled":false,"installDate":1644073259538,"updateDate":1644073259538,"applyBackgroundUpdates":"2","path":"C:\\Tor Browser\\Browser\\TorBrowser\\Data\\Browser\\profile.default\\extensions\\wrc@avast.com.xpi","skinnable":false,"sourceURI":"https://addons.cdn.mozilla.net/user-media/addons/473816/avast_online_security_privacy-21.0.101-fx.xpi?filehash=sha256%3Aee81e9675c7f6392f4e8bdb561650b84044189122e263465837c325313ae7e91","releaseNotesURI":null,"softDisabled":false,"foreignInstall":false,"strictCompatibility":true,"locales":[{"name":"Avast Online Security & Privacy","description":"Avast browser security and web reputation plugin.","creator":"Avast","developers":null,"translators":null,"contributors":null,"locales":["en"]},{"name":"Avast Online Security & Privacy","description":"Avast Browser Security and Web Reputation Plugin.","creator":"Avast","developers":null,"translators":null,"contributors":null,"locales":["ja"]},{"name":"Avast Online Security & Privacy","description":"Avast Browser Security and Web Reputation Plugin.","creator":"Avast","developers":null,"translators":null,"contributors":null,"locales":["et"]},{"name":"Avast Online Security & Privacy","description":"Avast Browser Security and Web Reputation Plugin.","creator":"Avast","developers":null,"translators":null,"contributors":null,"locales":["pt-PT"]},{"name":"Avast Online Security & Privacy","description":"Avast Browser Security and Web Reputation Plugin.","creator":"Avast","developers":null,"translators":null,"contributors":null,"locales":["fr"]},{"name":"Avast Online Security & Privacy","description":"Avast Browser Security and Web Reputation Plugin.","creator":"Avast","developers":null,"translators":null,"contributors":null,"locales":["bg"]},{"name":"Avast Online Security & Privacy","description":"Avast Browser Security and Web Reputation Plugin.","creator":"Avast","developers":null,"translators":null,"contributors":null,"locales":["id"]},{"name":"Avast Online Security & Privacy","description":"Avast Browser Security and Web Reputation Plugin.","creator":"Avast","developers":null,"translators":null,"contributors":null,"locales":["bn"]},{"name":"Avast Online Security & Privacy","description":"Avast Browser Security and Web Reputation Plugin.","creator":"Avast","developers":null,"translators":null,"contributors":null,"locales":["sv"]},{"name":"Avast Online Security & Privacy","description":"Avast Browser Security and Web Reputation Plugin.","creator":"Avast","developers":null,"translators":null,"contributors":null,"locales":["cs"]},{"name":"Avast Online Security & Privacy","description":"Avast Browser Security and Web Reputation Plugin.","creator":"Avast","developers":null,"translators":null,"contributors":null,"locales":["hu"]},{"name":"Avast Online Security & Privacy","description":"Avast Browser Security and Web Reputation Plugin.","creator":"Avast","developers":null,"translators":null,"contributors":null,"locales":["uk"]},{"name":"Avast Online Security & Privacy","description":"Avast Browser Security and Web Reputation Plugin.","creator":"Avast","developers":null,"translators":null,"contributors":null,"locales":["ur"]},{"name":"Avast Online Security & Privacy","description":"Avast Browser Security and Web Reputation Plugin.","creator":"Avast","developers":null,"translators":null,"contributors":null,"locales":["ar"]},{"name":"Avast Online Security & Privacy","description":"Avast Browser Security and Web Reputation Plugin.","creator":"Avast","developers":null,"translators":null,"contributors":null,"locales":["vi"]},{"name":"Avast Online Security & Privacy","description":"Avast Browser Security and Web Reputation Plugin.","creator":"Avast","developers":null,"translators":null,"contributors":null,"locales":["ko"]},{"name":"Avast Online Security & Privacy","description":"Avast Browser Security and Web Reputation Plugin.","creator":"Avast","developers":null,"translators":null,"contributors":null,"locales":["it"]},{"name":"Avast Online Security & Privacy","description":"Avast Browser Security and Web Reputation Plugin.","creator":"Avast","developers":null,"translators":null,"contributors":null,"locales":["lt"]},{"name":"Avast Online Security & Privacy","description":"Avast Browser Security and Web Reputation Plugin.","creator":"Avast","developers":null,"translators":null,"contributors":null,"locales":["hi"]},{"name":"Avast Online Security & Privacy","description":"ปลั๊กอินความปลอดภัยเบราว์เซอร์และชื่อเสียงของเว็บไซต์ของ Avast","creator":"Avast","developers":null,"translators":null,"contributors":null,"locales":["th"]},{"name":"Avast Online Security & Privacy","description":"Avast Browser Security and Web Reputation Plugin.","creator":"Avast","developers":null,"translators":null,"contributors":null,"locales":["de"]},{"name":"Avast Online Security & Privacy","description":"Avast Browser Security and Web Reputation Plugin.","creator":"Avast","developers":null,"translators":null,"contributors":null,"locales":["en-GB"]},{"name":"Avast Online Security & Privacy","description":"Avast Browser Security and Web Reputation Plugin.","creator":"Avast","developers":null,"translators":null,"contributors":null,"locales":["nb"]},{"name":"Avast Online Security & Privacy","description":"Avast Browser Security and Web Reputation Plugin.","creator":"Avast","developers":null,"translators":null,"contributors":null,"locales":["ca"]},{"name":"Avast Online Security & Privacy","description":"Avast Browser Security and Web Reputation Plugin.","creator":"Avast","developers":null,"translators":null,"contributors":null,"locales":["sk"]},{"name":"Avast Online Security & Privacy","description":"Avast Browser Security and Web Reputation Plugin.","creator":"Avast","developers":null,"translators":null,"contributors":null,"locales":["sr"]},{"name":"Avast Online Security & Privacy","description":"Avast Browser Security and Web Reputation Plugin.","creator":"Avast","developers":null,"translators":null,"contributors":null,"locales":["fa"]},{"name":"Avast Online Security & Privacy","description":"Avast Browser Security and Web Reputation Plugin.","creator":"Avast","developers":null,"translators":null,"contributors":null,"locales":["ms"]},{"name":"Avast Online Security & Privacy","description":"Avast Browser Security and Web Reputation Plugin.","creator":"Avast","developers":null,"translators":null,"contributors":null,"locales":["zh-CN"]},{"name":"Avast Online Security & Privacy","description":"Avast Browser Security and Web Reputation Plugin.","creator":"Avast","developers":null,"translators":null,"contributors":null,"locales":["ru"]},{"name":"Avast Online Security & Privacy","description":"Avast Browser Security and Web Reputation Plugin.","creator":"Avast","developers":null,"translators":null,"contributors":null,"locales":["pl"]},{"name":"Avast Online Security & Privacy","description":"Avast Browser Security and Web Reputation Plugin.","creator":"Avast","developers":null,"translators":null,"contributors":null,"locales":["sl"]},{"name":"Avast Online Security & Privacy","description":"Avast Browser Security and Web Reputation Plugin.","creator":"Avast","developers":null,"translators":null,"contributors":null,"locales":["lv"]},{"name":"Avast Online Security & Privacy","description":"Avast Browser Security and Web Reputation Plugin.","creator":"Avast","developers":null,"translators":null,"contributors":null,"locales":["hr"]},{"name":"Avast Online Security & Privacy","description":"Avast Browser Security and Web Reputation Plugin.","creator":"Avast","developers":null,"translators":null,"contributors":null,"locales":["fi"]},{"name":"Avast Online Security & Privacy","description":"Avast Browser Security and Web Reputation Plugin.","creator":"Avast","developers":null,"translators":null,"contributors":null,"locales":["be"]},{"name":"Avast Online Security & Privacy","description":"Avast Browser Security and Web Reputation Plugin.","creator":"Avast","developers":null,"translators":null,"contributors":null,"locales":["ro"]},{"name":"Avast Online Security & Privacy","description":"Avast Browser Security and Web Reputation Plugin.","creator":"Avast","developers":null,"translators":null,"contributors":null,"locales":["el"]},{"name":"Avast Online Security & Privacy","description":"Avast Browser Security and Web Reputation Plugin.","creator":"Avast","developers":null,"translators":null,"contributors":null,"locales":["es"]},{"name":"Avast Online Security & Privacy","description":"Avast Browser Security and Web Reputation Plugin.","creator":"Avast","developers":null,"translators":null,"contributors":null,"locales":["pt-BR"]},{"name":"Avast Online Security & Privacy","description":"Avast Browser Security and Web Reputation Plugin.","creator":"Avast","developers":null,"translators":null,"contributors":null,"locales":["zh-TW"]},{"name":"Avast Online Security & Privacy","description":"Avast Browser Security and Web Reputation Plugin.","creator":"Avast","developers":null,"translators":null,"contributors":null,"locales":["he"]},{"name":"Avast Online Security & Privacy","description":"Avast Browser Security and Web Reputation Plugin.","creator":"Avast","developers":null,"translators":null,"contributors":null,"locales":["da"]},{"name":"Avast Online Security & Privacy","description":"Avast Browser Security and Web Reputation Plugin.","creator":"Avast","developers":null,"translators":null,"contributors":null,"locales":["tr"]},{"name":"Avast Online Security & Privacy","description":"Avast Browser Security and Web Reputation Plugin.","creator":"Avast","developers":null,"translators":null,"contributors":null,"locales":["nl"]}],"targetApplications":[{"id":"toolkit@mozilla.org","minVersion":"48.0","maxVersion":"*"}],"targetPlatforms":[],"signedState":2,"signedDate":1639664176000,"seen":true,"dependencies":[],"incognito":"spanning","userPermissions":{"permissions":["storage","tabs","webNavigation","webRequest","webRequestBlocking"],"origins":["https://*/*","http://*/*","*://*.avast.com/*","<all_urls>"]},"optionalPermissions":{"permissions":[],"origins":[]},"icons":{"32":"common/ui/icons/icon-avast32.png","64":"common/ui/icons/icon-avast64.png","128":"common/ui/icons/icon-avast128.png"},"iconURL":null,"blocklistState":0,"blocklistURL":null,"startupData":null,"hidden":false,"installTelemetryInfo":{"source":"amo","sourceURL":"https://addons.mozilla.org/fr/firefox/extensions/category/search-tools/","method":"link"},"recommendationState":null,"rootURI":"jar:file:///C:/Tor%20Browser/Browser/TorBrowser/Data/Browser/profile.default/extensions/wrc@avast.com.xpi!/","location":"app-profile"},{"id":"{242af0bb-db11-4734-b7a0-61cb8a9b20fb}","syncGUID":"{9bfab193-69b3-400d-9967-74ef0a6f6e14}","version":"2.3.15","type":"extension","loader":null,"updateURL":null,"optionsURL":null,"optionsType":null,"optionsBrowserStyle":true,"aboutURL":null,"defaultLocale":{"name":"Malwarebytes Browser Guard","description":"The fastest and safest web browsing experience.","creator":"Malwarebytes","developers":null,"translators":null,"contributors":null},"visible":true,"active":true,"userDisabled":false,"appDisabled":false,"embedderDisabled":false,"installDate":1644073260822,"updateDate":1644073260822,"applyBackgroundUpdates":"2","path":"C:\\Tor Browser\\Browser\\TorBrowser\\Data\\Browser\\profile.default\\extensions\\{242af0bb-db11-4734-b7a0-61cb8a9b20fb}.xpi","skinnable":false,"sourceURI":"https://addons.cdn.mozilla.net/user-media/addons/920304/malwarebytes_browser_guard-2.3.15-fx.xpi?filehash=sha256%3Ae10f774c2140a65be2f3c397e892682d7e7cf4fc60c8e7c3b1f6b6c73e07784f","releaseNotesURI":null,"softDisabled":false,"foreignInstall":false,"strictCompatibility":true,"locales":[{"name":"Malwarebytes Browser Guard","description":"The fastest and safest web browsing experience.","creator":"Malwarebytes","developers":null,"translators":null,"contributors":null,"locales":["en"]},{"name":"Malwarebytes Browser Guard","description":"A mais rápida e segura experiência de navegação na web.","creator":"Malwarebytes","developers":null,"translators":null,"contributors":null,"locales":["pt-PT"]},{"name":"Malwarebytes Browser Guard","description":"L'expérience de navigation Web la plus rapide et la plus sûre.","creator":"Malwarebytes","developers":null,"translators":null,"contributors":null,"locales":["fr"]},{"name":"Malwarebytes Browser Guard","description":"L'esperienza di navigazione in rete più sicura e veloce.","creator":"Malwarebytes","developers":null,"translators":null,"contributors":null,"locales":["it"]},{"name":"Malwarebytes Browser Guard","description":"Das schnellste und sicherste Surferlebnis im Internet.","creator":"Malwarebytes","developers":null,"translators":null,"contributors":null,"locales":["de"]},{"name":"Malwarebytes Browser Guard","description":"Непревзойденная безопасность работы в Интернете и самая быстрая навигация по веб-сайтам.","creator":"Malwarebytes","developers":null,"translators":null,"contributors":null,"locales":["ru"]},{"name":"Malwarebytes Browser Guard","description":"Najszybsze i najbezpieczniejsze przeglądanie stron internetowych.","creator":"Malwarebytes","developers":null,"translators":null,"contributors":null,"locales":["pl"]},{"name":"Malwarebytes Browser Guard","description":"A mais rápida e segura experiência de navegação na web.","creator":"Malwarebytes","developers":null,"translators":null,"contributors":null,"locales":["pt"]},{"name":"Malwarebytes Browser Guard","description":"La experiencia de navegación web más rápida y segura.","creator":"Malwarebytes","developers":null,"translators":null,"contributors":null,"locales":["es"]},{"name":"Malwarebytes Browser Guard","description":"De snelste en veiligste browse-ervaring.","creator":"Malwarebytes","developers":null,"translators":null,"contributors":null,"locales":["nl"]},{"name":"Malwarebytes Browser Guard","description":"A experiência de navegação na web mais rápida e segura.","creator":"Malwarebytes","developers":null,"translators":null,"contributors":null,"locales":["pt-BR"]}],"targetApplications":[{"id":"toolkit@mozilla.org","minVersion":"87.0","maxVersion":"*"}],"targetPlatforms":[],"signedState":2,"signedDate":1642712790000,"seen":true,"dependencies":[],"incognito":"spanning","userPermissions":{"permissions":["alarms","downloads","storage","tabs","webRequest","webRequestBlocking","unlimitedStorage","contextMenus"],"origins":["<all_urls>"]},"optionalPermissions":{"permissions":["nativeMessaging"],"origins":[]},"icons":{"128":"app/assets/icon.png"},"iconURL":null,"blocklistState":0,"blocklistURL":null,"startupData":null,"hidden":false,"installTelemetryInfo":{"source":"amo","sourceURL":"https://addons.mozilla.org/fr/firefox/extensions/category/search-tools/","method":"link"},"recommendationState":null,"rootURI":"jar:file:///C:/Tor%20Browser/Browser/TorBrowser/Data/Browser/profile.default/extensions/%7B242af0bb-db11-4734-b7a0-61cb8a9b20fb%7D.xpi!/","location":"app-profile"},{"id":"{73a6fe31-595d-460b-a920-fcc0f8843232}","syncGUID":"{8a121cbc-c188-4843-83a3-55bf13038537}","version":"11.2.19","type":"extension","loader":null,"updateURL":null,"optionsURL":"ui/options.html","optionsType":3,"optionsBrowserStyle":true,"aboutURL":null,"defaultLocale":{"name":"NoScript","description":"Maximum protection for your browser: NoScript allows active content only for trusted domains of your choice to prevent exploitation.","creator":null,"developers":null,"translators":null,"contributors":null},"visible":true,"active":true,"userDisabled":false,"appDisabled":false,"embedderDisabled":false,"installDate":946684800000,"updateDate":1644073333410,"applyBackgroundUpdates":1,"path":"C:\\Tor Browser\\Browser\\TorBrowser\\Data\\Browser\\profile.default\\extensions\\{73a6fe31-595d-460b-a920-fcc0f8843232}.xpi","skinnable":false,"sourceURI":"https://addons.cdn.mozilla.net/user-media/addons/722/noscript_security_suite-11.2.19-an+fx.xpi?filehash=sha256%3A627ad134968a395fd585a6455087c1c1c461b993a4db0c1471f4c5d2c0cc1177","releaseNotesURI":"https://addons.mozilla.org/versions/updateInfo/5359885/fr/","softDisabled":false,"foreignInstall":true,"strictCompatibility":true,"locales":[{"name":"NoScript","description":"Maximum protection for your browser: NoScript allows active content only for trusted domains of your choice to prevent exploitation.","creator":null,"developers":null,"translators":null,"contributors":null,"locales":["en"]},{"name":"NoScript","description":"ブラウザの最大限の保護：NoScript は、悪用を防ぐために、選択した信頼できるドメインに対してのみアクティブコンテンツを許可します。","creator":null,"developers":null,"translators":null,"contributors":null,"locales":["ja"]},{"name":"NoScript","description":"Ekstra beskyttelse for Firefox: NoScript tillater JavaScript, Flash (og andre programtillegg) kun for betrodde domener du velger (f.eks. din nettbankside). Denne hvitlistebaserte forhåndsblokkeringsbaserte tilnærmingen forhindrer utnytting av sikkerhetssvakheter (kjente og ukjente!) uten funksjonalitetstap… Eksperter vil bekrefte: Firefox er faktisk tryggere med NoScript :-)","creator":null,"developers":null,"translators":null,"contributors":null,"locales":["nb-NO"]},{"name":"NoScript","description":"Une protection maximale pour votre navigateur. NoScript ne permet les contenus actifs que pour les domaines de votre choix, afin de prévenir l’exploitation de vulnérabilités informatiques.","creator":null,"developers":null,"translators":null,"contributors":null,"locales":["fr"]},{"name":"NoScript","description":"ব্রাউজারের জন্য সর্বোচ্চ সুরক্ষা : নোস্ক্রিপ্ট আপনার বিশ্বস্ত চিহ্নিত ডোমেইনগুলোর সক্রিয় কন্টেন্টকেই শুধু চলতে দেয়, যেন কেউ পরিস্থিতির সুযোগ নিতে না পারে।","creator":null,"developers":null,"translators":null,"contributors":null,"locales":["bn"]},{"name":"NoScript","description":"Hámarksvarnir fyrir vafrann þinn: NoScript leyfir virkt efni einungis frá þeim lénum sem þú hefur ákveðið að treysta, svo koma megi í veg fyrir misnotkun.","creator":null,"developers":null,"translators":null,"contributors":null,"locales":["is"]},{"name":"NoScript","description":"Maximalt skydd för din webbläsare: NoScript tillåter aktivt innehåll endast för betrodda domäner som du väljer för att förhindra exploatering.","creator":null,"developers":null,"translators":null,"contributors":null,"locales":["sv-SE"]},{"name":"NoScript","description":"Maksimalus jūsų naršyklės apsaugojimas: Aktyvų turinį NoScript leidžia tik iš jūsų pasirinktų patikimų domenų, kad apsisaugotumėte nuo išnaudojimo.","creator":null,"developers":null,"translators":null,"contributors":null,"locales":["lt"]},{"name":"NoScript","description":"Protezione massima per il tuo browser: NoScript permette i contenuti attivi solo per i domini fidati di tua scelta per impedirne lo sfruttamento.","creator":null,"developers":null,"translators":null,"contributors":null,"locales":["it"]},{"name":"NoScript","description":"Mbrojtje maksimale për shfletuesin tuaj: NoScript lejon lëndë aktive vetëm për përkatësi të besuara që doni, për të penguar shfrytësimin.","creator":null,"developers":null,"translators":null,"contributors":null,"locales":["sq"]},{"name":"NoScript","description":"Максимална заштита за вашиот пребарувач: NoScript овозможува активна содржина само за доверливите домеини од вашиот избор за да спречи злоупотреба.","creator":null,"developers":null,"translators":null,"contributors":null,"locales":["mk"]},{"name":"NoScript","description":"Maximaler Schutz für Ihren Browser: NoScript lässt aktive Inhalte nur für vertrauenswürdige Domains Ihrer Wahl zu, um das Ausnutzen von Sicherheitslücken zu verhindern.","creator":null,"developers":null,"translators":null,"contributors":null,"locales":["de"]},{"name":"NoScript","description":"Maksimal beskyttelse for nettleseren din: NoScript tillater bare aktivt innhold for pålitelige domener du ønsker, for å forhindre utnyttelse.","creator":null,"developers":null,"translators":null,"contributors":null,"locales":["nb"]},{"name":"NoScript","description":"Protecció màxima per al vostre navegador: NoScript permet contingut actiu només per a dominis de confiança que escolliu per evitar l'explotació.","creator":null,"developers":null,"translators":null,"contributors":null,"locales":["ca"]},{"name":"NoScript","description":"Perlindungan maksimum untuk pelayar anda: NoScript hanya membolehkan kandungan aktif untuk domain yang dipercayai berdasarkan pilihan anda untuk menghindari eksploitasi.","creator":null,"developers":null,"translators":null,"contributors":null,"locales":["ms"]},{"name":"NoScript","description":"最大限度地保护您的浏览器：NoScript 只允许您选择的信任域名显示活动内容，以防止漏洞利用。","creator":null,"developers":null,"translators":null,"contributors":null,"locales":["zh-CN"]},{"name":"NoScript","description":"Максимальная защита вашего браузера: для предотвращения использования уязвимостей NoScript разрешает активное содержимое только для доверенных доменов, выбранных вами.","creator":null,"developers":null,"translators":null,"contributors":null,"locales":["ru"]},{"name":"NoScript","description":"Gwarez evit ho merdeer: NoScript a aotren an endalc'hadoù oberiant hepken evit an domanioù lakaet da fizius hervez ho tibaboù, kement-se evit mirout ouzh ar c'horvoiñ.","creator":null,"developers":null,"translators":null,"contributors":null,"locales":["br"]},{"name":"NoScript","description":"Maximum protection for your browser: NoScript allows active content only for trusted domains of your choice to prevent exploitation.","creator":null,"developers":null,"translators":null,"contributors":null,"locales":["el"]},{"name":"NoScript","description":"Maximum protection for your browser: NoScript allows active content only for trusted domains of your choice to prevent exploitation.","creator":null,"developers":null,"translators":null,"contributors":null,"locales":["pl"]},{"name":"NoScript","description":"Maximum protection for your browser: NoScript allows active content only for trusted domains of your choice to prevent exploitation.","creator":null,"developers":null,"translators":null,"contributors":null,"locales":["pt-BR"]},{"name":"NoScript","description":"Máxima protección para tu navegador: NoScript permite contenido activo solamente para dominios en los que confías por elección, para prevenir la explotación.","creator":null,"developers":null,"translators":null,"contributors":null,"locales":["es"]},{"name":"NoScript","description":"給您的瀏覽器最大保護：NoScript 僅允許您選擇之信任網域的主動式內容，以防止入侵。","creator":null,"developers":null,"translators":null,"contributors":null,"locales":["zh-TW"]},{"name":"NoScript","description":"הגנה מירבית לדפדפן שלך: NoScript מתיר תוכן פעיל רק עבור תחומים מהימנים לבחירתך כדי למנוע ניצול פירצות.","creator":null,"developers":null,"translators":null,"contributors":null,"locales":["he"]},{"name":"NoScript","description":"Maksimal beskyttelse til din browser: NoScript tillader kun aktivt indhold på troværdige domæner som du vælger, for at forhindre udnyttelse.","creator":null,"developers":null,"translators":null,"contributors":null,"locales":["da"]},{"name":"NoScript","description":"Tarayıcınız için en iyi koruma: NoScript, kötü niyetli girişimleri engellemek için, yalnız güvenilir olarak seçtiğiniz etki alanlarında bulunan etkin içeriklerin çalışmasına izin verir.","creator":null,"developers":null,"translators":null,"contributors":null,"locales":["tr"]},{"name":"NoScript","description":"Maximale bescherming voor uw browser: NoScript staat actieve inhoud alleen toe voor vertrouwde domeinen van uw keuze, zodat uitbuiting wordt voorkomen.","creator":null,"developers":null,"translators":null,"contributors":null,"locales":["nl"]}],"targetApplications":[{"id":"toolkit@mozilla.org","minVersion":"59.0","maxVersion":"*"}],"targetPlatforms":[],"signedState":2,"signedDate":1643976352000,"seen":true,"dependencies":[],"incognito":"spanning","userPermissions":{"permissions":["contextMenus","storage","tabs","unlimitedStorage","webNavigation","webRequest","webRequestBlocking"],"origins":["<all_urls>","ftp://*/*","file://*/*"]},"optionalPermissions":{"permissions":[],"origins":[]},"icons":{"48":"img/icon48.png","96":"img/icon96.png","256":"img/icon256.png"},"iconURL":null,"blocklistState":0,"blocklistURL":null,"startupData":null,"hidden":false,"installTelemetryInfo":{"source":"app-profile","method":"sideload"},"recommendationState":{"validNotAfter":1801764352000,"validNotBefore":1643976352000,"states":["recommended","recommended-android"]},"rootURI":"jar:file:///C:/Tor%20Browser/Browser/TorBrowser/Data/Browser/profile.default/extensions/%7B73a6fe31-595d-460b-a920-fcc0f8843232%7D.xpi!/","location":"app-profile"},{"id":"extension@tabliss.io","syncGUID":"{7fc81c24-f44d-4c1f-a2ad-bb413f08986f}","version":"2.1.0","type":"extension","loader":null,"updateURL":null,"optionsURL":null,"optionsType":null,"optionsBrowserStyle":true,"aboutURL":null,"defaultLocale":{"name":"Tabliss","description":"A beautiful New Tab page with many customisable backgrounds and widgets that does not require any permissions.","creator":null,"developers":null,"translators":null,"contributors":null},"visible":true,"active":true,"userDisabled":false,"appDisabled":false,"embedderDisabled":false,"installDate":1644074083039,"updateDate":1644074083039,"applyBackgroundUpdates":1,"path":"C:\\Tor Browser\\Browser\\TorBrowser\\Data\\Browser\\profile.default\\extensions\\extension@tabliss.io.xpi","skinnable":false,"sourceURI":"https://addons.cdn.mozilla.net/user-media/addons/850407/tabliss_new_tab-2.1.0-fx.xpi?filehash=sha256%3A7381d681c4eef5bf91667e6b3918569c72009c6a7f62f9a33a44017b03d740ef","releaseNotesURI":null,"softDisabled":false,"foreignInstall":false,"strictCompatibility":true,"locales":[],"targetApplications":[{"id":"toolkit@mozilla.org","minVersion":"54.0","maxVersion":null}],"targetPlatforms":[],"signedState":2,"signedDate":1611833575000,"seen":true,"dependencies":[],"incognito":"spanning","userPermissions":{"permissions":["storage"],"origins":[]},"optionalPermissions":{"permissions":[],"origins":[]},"icons":{"32":"icons/32.png","48":"icons/48.png","96":"icons/96.png","128":"icons/128.png"},"iconURL":null,"blocklistState":0,"blocklistURL":null,"startupData":null,"hidden":false,"installTelemetryInfo":{"source":"amo","sourceURL":"https://addons.mozilla.org/fr/firefox/search/?q=New%20Tab","method":"link"},"recommendationState":{"validNotAfter":1769621575000,"validNotBefore":1611833575000,"states":["recommended"]},"rootURI":"jar:file:///C:/Tor%20Browser/Browser/TorBrowser/Data/Browser/profile.default/extensions/extension@tabliss.io.xpi!/","location":"app-profile"}]}