{"defaultHandlersVersion":{"fr":4},"mimeTypes":{"application/pdf":{"action":3,"extensions":["pdf"]},"text/xml":{"action":3,"extensions":["xml"]},"image/svg+xml":{"action":3,"extensions":["svg"]},"image/webp":{"action":3,"extensions":["webp"]}},"schemes":{"irc":{"stubEntry":true,"handlers":[null,{"name":"Mibbit","uriTemplate":"https://www.mibbit.com/?url=%s"}]},"ircs":{"stubEntry":true,"handlers":[null,{"name":"Mibbit","uriTemplate":"https://www.mibbit.com/?url=%s"}]},"mailto":{"stubEntry":true,"handlers":[null,{"name":"Yahoo! Mail","uriTemplate":"https://compose.mail.yahoo.com/?To=%s"},{"name":"Gmail","uriTemplate":"https://mail.google.com/mail/?extsrc=mailto&url=%s"}]}}}