{"chrome://browser/content/browser.xhtml":{"main-window":{"screenX":"4","screenY":"30","width":"1012","height":"823","sizemode":"normal"},"toolbar-menubar":{"autohide":"false"},"sidebar-box":{"sidebarcommand":"","width":""},"sidebar-title":{"value":""}},"chrome://browser/content/places/places.xhtml":{"placesContentTags":{"ordinal":"3"},"placesContentUrl":{"ordinal":"5"},"placesContentDate":{"ordinal":"7"},"placesContentVisitCount":{"ordinal":"9"},"placesContentDateAdded":{"ordinal":"11"},"placesContentLastModified":{"ordinal":"13"},"places":{"screenX":"144","screenY":"79","width":"746","height":"539","sizemode":"normal"}}}